antecedents,consequents,antecedent support,consequent support,support,confidence,lift,representativity,leverage,conviction,zhangs_metric,jaccard,certainty,kulczynski
frozenset({'Paper'}),frozenset({'Binders'}),0.23628606257618853,0.2622917513206014,0.05424624136529866,0.22957867583834912,0.8752798160157663,1.0,-0.007729643800459041,0.9575387201050677,-0.15723999758168525,0.12208504801097395,-0.04434419100072864,0.2181975486085626
frozenset({'Binders'}),frozenset({'Paper'}),0.2622917513206014,0.23628606257618853,0.05424624136529866,0.20681642137877612,0.8752798160157662,1.0,-0.007729643800459041,0.9628463800919341,-0.16188568523846403,0.12208504801097395,-0.038587276928349,0.2181975486085626
